Workbook

Sheet Instrucoes
B2: JM NFE — Controle da Operação
B4: ABAS:
B5: • Pipeline — funil de clientes/leads: do contato ao fechamento.
B6: • Processos — perícias em andamento, com prazos e responsável.
B7: • Recebiveis — o que foi cobrado, o que está pago/pendente.
B8: • Painel — resumo automático (totais e funil).
B10: COMO USAR: preencha as células amarelas. Os campos com lista (Estágio, Tipo,
B11: Status) têm menu suspenso. O Painel se atualiza sozinho.
B13: ROTINA SUGERIDA (15 min/dia):
B14: 1. Atualize o estágio de cada lead no Pipeline e a 'Próxima ação'.
B15: 2. Cheque a aba Processos: algum prazo perto de vencer?
B16: 3. Toda entrega vira uma linha em Recebiveis. Marque 'Pago' quando receber.
... B19: com backup, e não compartilhe sem necessidade.

Sheet Pipeline
B1: PIPELINE DE CLIENTES (funil)
B3: ID | C3: Data | D3: Origem | E3: Cliente / Advogado | F3: Tipo | G3: Demanda | H3: Estágio | I3: Valor (R$) | J3: Prob. | K3: Próxima ação | L3: Data ação

Sheet Processos
B1: PERÍCIAS EM ANDAMENTO (prazos)
B3: Processo / Caso | C3: Cliente | D3: Tipo de serviço | E3: Entrada | F3: Prazo | G3: Dias p/ prazo | H3: Status | I3: Responsável | J3: Observação
G4: =IF(F4="","",F4-TODAY())
G5: =IF(F5="","",F5-TODAY())
G6: =IF(F6="","",F6-TODAY())
G7: =IF(F7="","",F7-TODAY())
G8: =IF(F8="","",F8-TODAY())
G9: =IF(F9="","",F9-TODAY())
G10: =IF(F10="","",F10-TODAY())
G11: =IF(F11="","",F11-TODAY())
G12: =IF(F12="","",F12-TODAY())
G13: =IF(F13="","",F13-TODAY())
G14: =IF(F14="","",F14-TODAY())
G15: =IF(F15="","",F15-TODAY())
... G53: =IF(F53="","",F53-TODAY())

Sheet Recebiveis
B1: RECEBÍVEIS
B3: Cliente | C3: Serviço | D3: Valor (R$) | E3: Emissão | F3: Vencimento | G3: Status | H3: Pago em

Sheet Painel
B1: PAINEL — RESUMO
B3: Funil de clientes | E3: Financeiro
B4: Leads | C4: =COUNTIF(Pipeline!$H$4:$H$63,"Lead") | E4: A receber (pendente) | F4: =SUMIF(Recebiveis!$G$4:$G$63,"Pendente",Recebiveis!$D$4:$D$63)
B5: Qualificados | C5: =COUNTIF(Pipeline!$H$4:$H$63,"Qualificado") | E5: Atrasado | F5: =SUMIF(Recebiveis!$G$4:$G$63,"Atrasado",Recebiveis!$D$4:$D$63)
B6: Propostas | C6: =COUNTIF(Pipeline!$H$4:$H$63,"Proposta") | E6: Recebido (pago) | F6: =SUMIF(Recebiveis!$G$4:$G$63,"Pago",Recebiveis!$D$4:$D$63)
B7: Fechados | C7: =COUNTIF(Pipeline!$H$4:$H$63,"Fechado") | E7: Total faturado | F7: =SUM(Recebiveis!$D$4:$D$63)
B8: Perdidos | C8: =COUNTIF(Pipeline!$H$4:$H$63,"Perdido")
B9: Valor em proposta (R$) | C9: =SUMIF(Pipeline!$H$4:$H$63,"Proposta",Pipeline!$I$4:$I$63) | E9: Atualize as abas e este painel se ajusta sozinho.
B10: Valor fechado (R$) | C10: =SUMIF(Pipeline!$H$4:$H$63,"Fechado",Pipeline!$I$4:$I$63)
